feature,importance,importance_pct
strike_rate,0.27313286078518045,27.31
runs_scored,0.22901694404172002,22.9
wickets_taken,0.21458719699284523,21.46
dot_ball_percentage,0.1417212516678285,14.17
economy_rate,0.14154174651242588,14.15
